URL;TITLE;DESCRIPTION
https://www.babyliss.fr/;BaByliss Paris : l'expert des solutions beauté depuis 50 ans;Sur Babyliss.fr, découvrez des solutions de beauté à la pointe de la technologie et de qualité professionnelle : sèche-cheveux, tondeuse à barbe, épilateur électrique… 
https://www.babyliss.fr/femme/coiffure/brosse-lissante/;Brosse lissante, Brosse lissante chauffante l BaByliss Paris;Découvrez la brosse lissante Liss Brush 3D ! Les brosses lissantes chauffantes indispensables pour vos coiffures grâce à leur fonction ionique !
https://www.babyliss.fr/femme/coiffure/brosse-soufflante/;Brosse soufflante, Brosse soufflante rotative | BaByliss Paris;Envie d'un brushing parfait ? Adoptez l'une de nos brosses soufflantes : brosse soufflante lissante ou brosse soufflante rotative. A vous des cheveux brillants et soyeux !
https://www.babyliss.fr/femme/coiffure/curl-secret/;Curl Secret, Curl Secret ionic l BaByliss Paris;L'iconique Curl Secret BaByliss : le boucleur automatique ionique révolutionnaire ! Avec sa facilité d'utilisation, obtenez des boucles rapidement et sans efforts !
https://www.babyliss.fr/femme/coiffure/fer-a-boucler/;Fer à Boucler, Fer à boucler conique l BaByliss Paris;Découvrez les fers à friser BaByliss : fer à boucler conique, fer à boucler gros diamètre, fer à boucler pro... Osez les boucles glamours !
https://www.babyliss.fr/femme/coiffure/lisseur/;Lisseur cheveux, Fer à lisser | BaByliss Paris;Envie d'une chevelure lisse et brillante sans effort au quotidien ? Découvrez la gamme de fers à lisser BaByliss : lisseur 2 en 1, lisseur boucleur, lisseur céramique…
https://www.babyliss.fr/femme/coiffure/mini/;Mini lisseur, Mini fer à boucler l BaByliss Paris;"Pour réaliser les coiffures que vous souhaitez même quand vous êtes en vacances, découvrez la gamme des mini électriques BaByliss : mini lisseur, mini boucleur...
"
https://www.babyliss.fr/femme/coiffure/multi-styler/;Bigoudis chauffants, Fer multistyle l BaByliss Paris;Découvrez les bigoudis chauffants et Multistylers BaByliss : le Fun Style et le Style Mix. Nos multistylers sont équipés de différents accessoires pour oser tous les styles !
https://www.babyliss.fr/femme/coiffure/seche-cheveux/;Sèche-cheveux, Sèche cheveux ionique | BaByliss Paris;Envie d'un brushing parfait et longue tenue comme si vous sortiez de chez le coiffeur ? BaByliss vous propose une gamme complète de sèche-cheveux à la pointe de la technologie.  
https://www.babyliss.fr/femme/accessoires-coiffure/accessoires-cheveux/;Accessoires pour cheveux l BaByliss Paris;Parcourez la collection d'accessoires pour cheveux de BaByliss : headband, barrette, serre-tête, bijoux de tête - Sublimez votre coiffure grâce à BaByliss !
https://www.babyliss.fr/femme/accessoires-coiffure/brosses-a-cheveux/;Brosse à cheveux, Brosse démêlante l BaByliss Paris;"BaByliss a conçu une gamme complète de brosses et peignes pour démêler vos cheveux tout en douceur : brosse brushing, brosse à cheveux en bois...
"
https://www.babyliss.fr/femme/epilation/epilateur-electrique/;Epilateur électrique, Rasoir électrique l BaByliss Paris;"Pour des jambes lisses et douces plus vite et plus longtemps, BaByliss a conçu une gamme d'épilateurs électriques simples à utiliser et efficaces. 
"
https://www.babyliss.fr/femme/epilation/epilateur-lumiere-pulsee/;Epilateurs à lumière pulsée, Homelight l BaByliss Paris;Découvrez les épilateurs à lumière pulsée BaByliss : épilation corps et zones sensibles. Avec le Homelight Pistol ou Compact, à vous une épilation confortable, durable et rapide !
https://www.babyliss.fr/femme/beaute/accessoires-maquillage/;Accessoires de maquillage, Kit pinceaux maquillage l BaByliss Paris;Découvrez notre gamme d'accessoires de maquillage : kit pinceaux maquillage, pinceau fond de teint, pinceau kabuki... - Maquillez-vous comme une pro grâce à BaByliss !
https://www.babyliss.fr/femme/beaute/editionslimitees/;Editions limitées | BaByliss Paris;Un kit make-up pour réaliser un maquillage de pro, une ravissante trousse pour emmener vos indispensables beauté partout avec vous… Découvrez les éditions limitées BaByliss.
https://www.babyliss.fr/femme/beaute/manucure-et-pedicure/;Kit manucure, Kit pédicure l BaByliss Paris;"Découvrez les kits Manucure - Pédicure BaByliss : coupe ongles, râpe pied électrique, coupe cuticule, limes à ongles - L'essentiel pour des mains et des pieds doux !
"
https://www.babyliss.fr/femme/beaute/miroir/;Miroir lumineux, Miroir grossissant lumineux l BaByliss Paris;Découvrez les miroirs lumineux BaByliss : miroir rond, miroir grossissant, miroir salle de bain -  Parfaits pour le soin de la peau et le maquillage !
https://www.babyliss.fr/femme/beaute/trousse-de-toilette/;Trousse de toilette femme l BaByliss Paris;"Découvrez la collection trousse de toilette pour femme de BaByliss : trousse de toilette voyage, grande trousse de toilette - Pratiques et tendance !
"
https://www.babyliss.fr/homme/;Homme | Barbe, Cheveux, Corps, Soin Barbe, Trousse | BaByliss For Men;Découvrez tout l'univers BaByliss For Men : solutions professionnelles pour le soin du cheveux, de la barbe et du corps ! Tondeuse à cheveux et à barbe, trousse de toilette…
https://www.babyliss.fr/homme/barbe/tondeuse-barbe/le_designer-HERODESIGNER.html;Le Designer, BaByliss SH510E, Tondeuses Barbe l BaByliss For Men;Profitez d'une barbe impeccable en toutes circonstances grâce aux Tondeuses barbe Le Designer de BaByliss, la marque référence des solutions beauté !
https://www.babyliss.fr/homme/barbe/entretien-barbe/;Accessoire barbe, Brosse à barbe l BaByliss For Men;Brosse barbe, peigne à barbe, ciseaux à barbe... Découvrez la gamme dédiée aux soins de la barbe BaByliss - Une gamme soin pro pour entretenir et adoucir sa barbe !
https://www.babyliss.fr/homme/barbe/tondeuse-barbe/;Tondeuses barbe, Tondeuse multi usage l BaByliss For Men;BaByliss vous propose une gamme complète de tondeuses barbe : tondeuse barbe professionnelle avec fonction rasage sans fil - Taille et précision facile pour varier le style !
https://www.babyliss.fr/homme/barbe/tondeuse-multifonction/;Tondeuse barbe et corps, Tondeuse barbe cheveux | BaByliss For Men;Découvrez les tondeuses multifonction BaByliss : tondeuse cheveux et barbe, tondeuse corps homme, tondeuse multifonction pro - Tout le soin de l'homme en 1 seul appareil !
https://www.babyliss.fr/homme/cheveux/tondeuse-cheveux/;Tondeuses cheveux, Tondeuse de précision l BaByliss For Men;Découvrez les tondeuses cheveux BaByliss : tondeuse cheveux pro, tondeuse cheveux précision à plusieurs sabots - Ergonomie et précision pour une coupe nette !
https://www.babyliss.fr/homme/corps/tondeuse-nez-oreille/;Tondeuse nez et oreilles l BaByliss For Men;BaByliss vous invite à découvrir sa gamme de tondeuses nez oreilles faciles à utiliser et efficaces - Finis les poils indésirables du nez et des oreilles !
https://www.babyliss.fr/homme/trousse-de-toilette-homme/trousses-de-toilette/;Trousse de toilette homme l BaByliss For Men;Découvrez notre collection de trousses de toilette homme : trousse de toilette voyage, trousse de toilette pratique -  L'indispensable de l'homme nomade.
https://www.babyliss.fr/blog-conseils/;Blog Beauté, Actus, Conseils, Promotions | BaByliss Paris;Retrouvez sur le blog de BaByliss des actus, astuces et conseils en coiffure et beauté pratiques et faciles à mettre en œuvre au quotidien.   
https://www.babyliss.fr/blog/conseils_femme;Nos conseils coiffure et beauté d'experts |BaByliss Paris;Comment avoir les cheveux lisses sans les abîmer ? Comment lisser les cheveux crépus ? Comment réaliser une manucure parfaite ? On vous répond sur le blog beauté Babyliss !
https://www.babyliss.fr/blog/conseils_homme;Nos conseils beauté dédiés aux hommes | BaByliss Paris;Comment tailler une barbe ? Comment avoir une barbe de 3 jours ? Etc. Les experts beauté BaByliss vous répondent. A vous un style impeccable au quotidien. 
https://www.babyliss.fr/blog/news;News, Actualités | BaByliss;Découvrez toutes les news de BaByliss : nos récompenses, nos nouvelles collections, nos partenariats… Aucune information ne pourra vous échapper ! 
https://www.babyliss.fr/blog/promos;Promotions | BaByliss Paris;Découvrez toutes les promotions et offres exceptionnelles BaByliss du moment. Profitez de solutions beauté à la pointe de la technologie. 
https://www.babyliss.fr/garantie.html;Garantie |BaByliss Paris;Retrouvez les conditions de garanties BaByliss selon le type de produit que vous possédez : cheveux, épilation, beauté, barbe…  
https://www.babyliss.fr/points-de-vente/;Points de vente des produits BaByliss | BaByliss Paris;A la recherche de produits BaByliss (sèche-cheveux, tondeuse à cheveux, épilateur…) ? Trouvez l'ensemble de nos revendeurs grâce à notre outil de localisation en ligne. 
https://www.babyliss.fr/service_client/conditions_generales/cgv.html;Conditions générales de vente | BaByliss Paris;Retrouvez toutes les conditions générales de vente BaByliss : commande, livraison, prix, modalités de paiement, service clientèle… 
https://www.babyliss.fr/formulaire-de-contact/;Formulaire de contact |BaByliss Paris;Vous souhaitez poser une question à BaByliss Paris ? Remplissez en quelques clics notre formulaire en ligne. On vous répond dans les plus brefs délais.
https://www.babyliss.fr/demande-information-produit/;Informations produits |BaByliss Paris;A la recherche de conseils ou d'informations concernant un produit BaByliss ? Sélectionnez un produit et précisez sa référence : on vous dit tout à son sujet. 
https://www.babyliss.fr/babyliss-sav/;SAV |BaByliss Paris;Pour faire parvenir une réclamation à BaByliss, c'est très simple. Il suffit de remplir le formulaire en ligne. On vous répond au plus vite.
https://www.babyliss.fr/commander-accessoires/;Commande d'accessoires | BaByliss Paris;Vous souhaitez commander un accessoire BaByliss Paris afin de vous équiper au mieux ? Remplissez notre formulaire en ligne en quelques clics. 
https://www.babyliss.fr/manuel-utilisation/;Notice d'utilisation, Consigne de sécurité |BaByliss Paris;"Retrouvez en ligne toutes les notices d'utilisation et consignes de sécurité des produits BaByliss actuellement disponibles à la vente. 
"
https://www.babyliss.fr/recrutement/;Recrutement | BaByliss Paris;Vous souhaitez rejoindre le groupe BaByliss ? Nous vous invitons à découvrir notre Groupe et à postuler en ligne en quelques clics. 
https://www.babyliss.fr/valeurs-engagements.html;Qui sommes-nous ? A propos | BaByliss Paris;Découvrez l'histoire de BaByliss, marque pionnière qui accompagne depuis plus de 50 ans particuliers et professionnels sur les solutions beauté !
